日付,開始時刻,終了時刻,学習時間,学習内容,エビデンス
2024/10/24,05:00,07:00,02:00,PowerShellの勉強,https://github.com/nuitsjp/GistGet
2024/10/24,07:30,10:30,03:00,PowerShellの勉強,https://github.com/nuitsjp/GistGet
2024/10/25,05:00,07:00,02:00,PowerShellの勉強,https://github.com/nuitsjp/GistGet
2024/10/25,08:00,09:00,01:00,PowerShellの勉強,https://github.com/nuitsjp/GistGet
2024/10/26,04:00,08:00,04:00,PowerShellの勉強,https://github.com/nuitsjp/GistGet
2024/10/26,09:00,10:30,01:30,PowerShellの勉強,https://github.com/nuitsjp/GistGet
2024/10/27,04:00,09:00,05:00,PowerShellの勉強,https://github.com/nuitsjp/GistGet
2024/10/27,10:00,11:30,01:30,PowerShellの勉強,https://github.com/nuitsjp/GistGet
2024/10/27,06:00,09:00,03:00,PowerShellの勉強,https://github.com/nuitsjp/GistGet





